{
  "project_info": {
    "project_number": "469308145915",
    "firebase_url": "https://myvarsityplug-4cc0b.firebaseio.com",
    "project_id": "myvarsityplug-4cc0b",
    "storage_bucket": "myvarsityplug-4cc0b.appspot.com"
  },
  "client": [
    {
      "client_info": {
        "mobilesdk_app_id": "1:469308145915:android:a8ecd0dccc0928db",
        "android_client_info": {
          "package_name": "com.something.varsityplug"
        }
      },
      "oauth_client": [
        {
          "client_id": "469308145915-nl0f0c5va40esaln76vu90j7dvsat2jo.apps.googleusercontent.com",
          "client_type": 3
        }
      ],
      "api_key": [
        {
          "current_key": "AIzaSyCEYlHuuly-5CZv_lvQEEF8bGojTtIgy6s"
        }
      ],
      "services": {
        "appinvite_service": {
          "other_platform_oauth_client": [
            {
              "client_id": "469308145915-nl0f0c5va40esaln76vu90j7dvsat2jo.apps.googleusercontent.com",
              "client_type": 3
            }
          ]
        }
      }
    }
  ],
  "configuration_version": "1"
}